AvgCountLine,AvgCountLineBlank,AvgCountLineCode,AvgCountLineComment,AvgCyclomatic,CountDeclClass,CountDeclClassMethod,CountDeclClassVariable,CountDeclExecutableUnit,CountDeclFunction,CountDeclInstanceMethod,CountDeclInstanceVariable,CountDeclMethod,CountDeclMethodDefault,CountDeclMethodPrivate,CountDeclMethodProtected,CountDeclMethodPublic,CountLine,CountLineBlank,CountLineCode,CountLineCodeDecl,CountLineCodeExe,CountLineComment,CountSemicolon,CountStmt,CountStmtDecl,CountStmtExe,MaxCyclomatic,MaxNesting,RatioCommentToCode,SumCyclomatic,CountCCViol,CountCCViolType,CCViolDensityLine,CCViolDensityCode,Priority,CommitCount,FixCommitCount,AddedLines,DeletedLines,CommitCountBeforeRelease,DevelopersInVersion,DevelopersAllVersions,AvgTimeBetweenCommits,AvgTimeBetweenCommitsAllVersions,AvgExpertise,MinExpertise
4,0,4,0,1,1,0,0,11,11,11,5,11,0,0,0,11,87,17,53,30,13,17,20,32,21,11,1,0,0.32,11,0,0,0.0,0.0,Major,3,0,14,4,12,9,3,2616.373308080808,2425.5391666666665,352.3333333333333,28
0,0,0,0,0,1,0,0,0,8,8,0,8,0,0,0,8,33,3,13,12,0,17,11,12,12,0,0,0,1.31,0,0,0,0.0,0.0,Major,3,0,14,4,12,9,3,2616.373308080808,2425.5391666666665,352.3333333333333,28
0,0,0,0,0,1,0,0,0,8,8,0,8,0,0,0,8,33,3,13,12,0,17,11,12,12,0,0,0,1.31,0,0,0,0.0,0.0,Major,1,0,2,0,6,5,1,4953.869611111111,0.0,285.6,46
26,4,20,2,4,1,0,0,15,15,15,1,15,0,8,5,2,504,73,376,148,212,55,205,276,141,170,10,5,0.15,58,0,0,0.0,0.0,Major,16,0,40,13,40,11,9,531.9996794871795,733.0087777777778,269.0,2
51,5,44,3,9,1,1,1,4,4,3,3,4,0,2,0,2,272,29,214,88,131,32,123,160,83,100,22,5,0.15,34,0,0,0.0,0.0,Major,9,0,41,21,31,9,7,675.0516666666666,808.3472222222222,296.55555555555554,1
7,0,6,1,2,9,53,21,125,122,73,740,126,17,16,0,93,3767,332,3196,2495,668,252,427,664,266,445,17,4,0.08,237,0,0,0.0,0.0,Major,173,11,832,169,783,62,34,83.10308859050868,70.19173288113696,122.2258064516129,1
17,2,14,1,3,5,0,1,13,13,13,4,13,0,7,0,6,305,48,226,98,117,34,129,177,99,99,15,4,0.15,39,0,0,0.0,0.0,Major,3,0,305,0,3,3,3,1899.420555555556,1899.420555555556,796.0,399
20,2,16,2,4,1,1,1,9,9,8,9,9,0,2,1,6,252,36,179,51,105,37,92,125,44,84,16,3,0.21,32,0,0,0.0,0.0,Critical,5,0,27,13,10,6,4,1314.9044753086418,1287.0497916666666,458.1666666666667,78
7,0,6,1,1,1,0,0,12,12,12,8,12,0,0,2,10,140,20,95,37,42,25,55,73,34,41,5,3,0.26,17,0,0,0.0,0.0,Critical,5,0,3,0,7,3,2,1995.939305555556,1110.30875,120.33333333333331,78
3,0,3,0,1,1,0,0,17,17,17,7,17,0,0,0,17,116,23,72,37,17,21,33,51,34,17,1,0,0.29,17,0,0,0.0,0.0,Critical,3,0,5,3,5,3,2,2993.908958333333,2116.4369444444446,120.33333333333331,78
10,0,7,3,2,1,14,7,15,15,1,0,15,0,4,0,11,210,22,121,51,63,67,60,88,47,53,3,2,0.55,25,0,0,0.0,0.0,Major,9,1,35,8,22,12,5,2499.244735449736,809.9131597222222,397.25,46
26,1,22,3,4,15,8,4,60,57,53,27,61,3,27,4,27,1666,114,1340,374,994,228,715,961,356,749,38,6,0.17,258,0,0,0.0,0.0,Critical,15,1,133,78,47,12,7,441.3104891304348,370.8385515873016,275.4166666666667,5
42,0,31,11,7,2,2,2,3,3,1,0,3,1,1,0,1,172,6,113,34,65,53,43,65,28,45,14,4,0.47,20,0,0,0.0,0.0,Major,7,0,99,21,12,6,6,899.3033333333333,749.3727777777777,364.1666666666667,43
29,3,23,3,4,2,0,1,7,7,7,7,7,0,2,0,5,298,36,214,110,119,48,127,159,99,91,9,6,0.22,25,0,0,0.0,0.0,Major,14,0,95,26,36,10,8,413.9709365079365,553.4400854700855,300.3,6
7,0,7,0,1,1,0,1,1,1,1,0,1,0,0,0,1,39,6,16,13,5,17,11,13,12,4,1,0,1.06,1,0,0,0.0,0.0,Major,1,0,39,0,1,1,1,0.0,0.0,6.0,6
7,0,7,0,1,1,0,1,1,1,1,0,1,0,0,0,1,39,6,16,13,5,17,11,13,12,4,1,0,1.06,1,0,0,0.0,0.0,Major,1,0,39,0,1,1,1,0.0,0.0,6.0,6
13,0,8,5,2,1,0,0,4,4,4,0,4,0,0,0,4,90,10,39,17,16,41,17,28,16,16,6,4,1.05,9,0,0,0.0,0.0,No Bug,0,0,0,0,1,1,0,0.0,0.0,1455.0,1455
20,1,18,1,3,1,9,2,96,96,87,9,96,6,85,0,5,2893,305,2437,1397,2161,151,1169,1410,655,1008,75,2,0.06,246,0,0,0.0,0.0,No Bug,4,0,111,55,26,10,4,721.6932777777778,557.267962962963,216.7,3
8,1,7,0,2,5,1,1,52,52,51,23,52,0,3,0,49,585,110,444,136,239,31,219,327,140,209,41,4,0.07,103,0,0,0.0,0.0,No Bug,10,3,13,0,34,22,9,1873.3800505050503,633.885925925926,229.13636363636363,19
5,0,4,1,1,4,1,11,87,85,88,33,89,1,1,8,79,634,104,437,175,172,94,188,309,167,151,5,3,0.22,115,0,0,0.0,0.0,No Bug,10,3,13,0,34,22,9,1873.3800505050503,633.885925925926,229.13636363636363,19
8,1,6,2,2,1,0,0,5,5,5,2,5,0,0,0,5,94,14,41,19,14,39,20,29,18,13,5,1,0.95,9,0,0,0.0,0.0,No Bug,0,0,0,0,1,1,0,0.0,0.0,302.0,302
20,3,17,1,2,2,2,0,10,8,8,7,10,0,2,0,8,261,38,185,52,130,38,88,115,42,84,4,2,0.21,19,0,0,0.0,0.0,No Bug,0,0,0,0,3,1,0,600.4751388888889,0.0,1455.0,1455
19,3,15,2,1,1,0,1,5,5,5,1,5,0,0,0,5,140,24,92,50,57,24,61,69,45,39,2,1,0.26,7,0,0,0.0,0.0,No Bug,2,0,67,2,2,2,2,3289.8688888888887,3289.8688888888887,26.0,1
19,3,15,2,1,1,0,1,5,5,5,1,5,0,0,0,5,140,24,92,50,57,24,61,69,45,39,2,1,0.26,7,0,0,0.0,0.0,No Bug,2,0,67,2,2,2,2,3289.8688888888887,3289.8688888888887,26.0,1
18,4,14,1,2,1,0,0,4,4,4,0,4,0,0,0,4,115,23,69,36,38,23,54,63,36,41,3,1,0.33,8,0,0,0.0,0.0,No Bug,0,0,0,0,1,1,0,0.0,0.0,96.0,96
13,2,9,2,1,1,0,0,6,6,6,0,6,0,0,0,6,119,22,68,35,39,29,47,55,30,38,2,1,0.43,7,0,0,0.0,0.0,No Bug,1,0,0,0,2,2,1,7052.948888888889,0.0,73.5,51
61,14,46,1,1,1,0,0,3,3,3,0,3,0,0,0,3,237,48,167,74,129,22,133,137,62,106,1,0,0.13,3,0,0,0.0,0.0,No Bug,1,0,0,0,2,2,1,4246.885555555556,0.0,254.5,96
29,6,22,1,1,1,0,0,5,5,5,0,5,0,0,1,4,193,41,129,62,95,23,97,103,50,79,1,0,0.18,5,0,0,0.0,0.0,No Bug,0,0,0,0,1,1,0,0.0,0.0,96.0,96
31,8,19,4,1,1,0,0,15,15,15,2,15,0,0,0,15,536,140,310,147,241,86,239,255,122,209,1,0,0.28,15,0,0,0.0,0.0,No Bug,0,0,0,0,1,1,0,0.0,0.0,96.0,96
19,5,15,0,2,1,0,0,2,2,2,0,2,0,0,0,2,76,14,43,28,21,19,35,40,28,23,2,1,0.44,4,0,0,0.0,0.0,No Bug,0,0,0,0,1,1,0,0.0,0.0,96.0,96
28,2,25,1,2,1,0,0,25,25,25,3,25,0,0,0,25,823,88,688,368,531,47,516,571,299,448,11,2,0.07,51,0,0,0.0,0.0,No Bug,3,0,18,21,4,4,3,3806.818333333333,4629.602083333333,558.5,96
49,6,39,4,2,1,0,0,8,8,8,2,8,0,0,0,8,467,60,356,232,276,51,261,277,177,221,2,1,0.14,15,0,0,0.0,0.0,No Bug,0,0,0,0,1,1,0,0.0,0.0,96.0,96
11,2,9,0,1,1,0,0,10,10,10,1,10,0,0,0,10,153,37,100,46,58,16,63,76,37,53,2,1,0.16,12,0,0,0.0,0.0,No Bug,1,0,0,0,2,2,1,1947.588611111111,0.0,315.0,96
16,1,14,2,3,3,8,1,55,55,47,5,55,3,29,2,21,1032,86,811,313,452,137,368,546,242,411,9,4,0.17,166,0,0,0.0,0.0,Blocker,20,0,474,66,33,21,16,1053.8096788194443,1255.8480555555554,255.04761904761904,1
46,3,33,10,2,1,0,2,16,16,16,1,16,1,2,0,13,788,48,565,257,437,180,347,384,120,294,6,1,0.32,28,0,0,0.0,0.0,Blocker,18,2,788,0,18,7,7,352.42812091503265,352.42812091503265,106.28571428571428,6
24,2,20,2,5,6,24,11,140,134,116,34,140,6,64,3,67,3752,447,2970,763,2172,339,1503,2066,683,1679,32,6,0.11,686,0,0,0.0,0.0,Critical,81,0,2161,640,154,22,16,289.1698692810457,328.6928159722222,242.77272727272728,1
21,3,12,6,2,1,0,1,4,4,4,1,4,0,0,0,4,118,19,56,20,34,43,37,47,20,27,6,2,0.77,9,0,0,0.0,0.0,Critical,2,0,118,0,2,1,1,1578.252222222222,1578.252222222222,143.0,143
20,3,12,5,2,1,0,1,4,4,4,1,4,0,0,0,4,116,19,57,20,35,40,37,47,20,27,6,2,0.7,9,0,0,0.0,0.0,Critical,2,0,116,0,2,1,1,1578.252222222222,1578.252222222222,143.0,143
22,3,14,5,2,1,0,1,4,4,4,2,4,0,0,0,4,123,19,63,24,39,41,42,52,23,29,6,2,0.65,9,0,0,0.0,0.0,Critical,2,0,123,0,2,1,1,1578.252222222222,1578.252222222222,143.0,143
22,3,14,6,2,1,0,1,4,4,4,2,4,0,0,0,4,126,19,63,24,39,44,42,52,23,29,6,2,0.7,9,0,0,0.0,0.0,Critical,2,0,126,0,2,1,1,1578.252222222222,1578.252222222222,143.0,143
25,3,20,2,4,1,0,1,5,5,5,7,5,0,0,0,5,172,25,116,34,73,32,67,89,34,55,17,4,0.28,21,0,0,0.0,0.0,Critical,2,0,172,0,2,1,1,1578.252222222222,1578.252222222222,143.0,143
22,3,14,6,2,1,0,1,4,4,4,2,4,0,0,0,4,126,19,63,24,39,44,42,52,23,29,6,2,0.7,9,0,0,0.0,0.0,Critical,2,0,126,0,2,1,1,1578.252222222222,1578.252222222222,143.0,143
7,0,6,1,2,12,70,38,157,156,87,1040,157,20,21,0,116,5781,392,4698,3746,905,704,585,876,351,598,18,4,0.15,293,0,0,0.0,0.0,Critical,649,20,3075,398,1259,107,81,67.55421723193781,49.49007415980796,105.58878504672896,1
27,2,22,3,4,11,5,5,33,33,28,4,33,2,7,1,23,919,101,691,197,457,130,358,507,210,357,17,6,0.19,139,0,0,0.0,0.0,Critical,23,3,183,98,111,34,13,752.8506616161616,1047.8564015151514,241.7941176470588,13
19,2,16,1,4,2,0,0,6,7,7,12,7,5,0,0,2,182,24,121,38,68,37,68,92,38,59,11,4,0.31,24,0,0,0.0,0.0,Critical,5,0,24,15,8,8,5,6097.341349206349,3068.9040972222224,329.25,23
13,1,10,2,3,3,9,16,138,138,129,27,138,86,17,3,32,2443,337,1762,397,1162,374,729,1091,399,802,15,5,0.21,369,0,0,0.0,0.0,Critical,70,1,810,329,97,39,29,466.6678616898148,377.1840539452496,160.2051282051282,1
4,0,4,0,1,4,2,13,103,104,102,45,104,3,0,0,101,708,129,523,222,242,59,238,370,211,181,6,3,0.11,129,0,0,0.0,0.0,Critical,26,0,216,32,40,24,17,1094.394601139601,940.0283666666668,181.16666666666663,1
13,1,10,3,1,8,4,4,75,72,72,6,76,4,10,0,62,1148,129,770,410,493,249,435,521,314,299,5,3,0.32,84,0,0,0.0,0.0,Critical,26,0,594,89,41,23,16,943.9213263888888,1031.3018777777777,205.6086956521739,13
23,3,18,3,5,1,1,2,2,2,1,0,2,0,0,0,2,79,9,40,11,26,30,17,27,11,18,8,3,0.75,9,0,0,0.0,0.0,Critical,1,0,79,0,1,1,1,0.0,0.0,143.0,143
7,0,6,1,2,12,70,38,157,156,87,1040,157,20,21,0,116,5781,392,4698,3746,905,704,585,876,351,598,18,4,0.15,293,0,0,0.0,0.0,Critical,649,20,3075,398,1259,107,81,67.55421723193781,49.49007415980796,105.58878504672896,1
8,1,7,0,1,2,0,0,20,20,15,10,15,0,5,1,9,246,30,186,63,114,30,80,108,56,62,3,2,0.16,28,0,0,0.0,0.0,Critical,7,0,246,0,7,4,4,1123.4887037037038,1123.4887037037038,193.0,112
41,5,28,8,6,1,0,1,5,5,5,2,5,0,0,0,5,252,36,154,39,102,62,91,123,44,79,27,7,0.4,31,0,0,0.0,0.0,Critical,11,0,180,59,12,4,3,3361.9448484848485,2007.0370833333327,169.0,27
6,0,5,1,2,2,6,1,13,11,7,7,13,0,4,0,9,134,16,93,41,42,25,53,73,37,42,6,1,0.27,24,0,0,0.0,0.0,Major,7,0,134,0,7,7,7,3135.500185185185,3135.500185185185,267.42857142857144,7
17,1,13,4,3,11,214,45,232,228,18,16,232,6,44,2,180,4515,430,3197,1059,1958,904,1547,2284,997,1658,22,5,0.28,694,0,0,0.0,0.0,Major,183,15,1844,1210,437,80,52,194.2443858307849,174.59843406593407,132.4375,1
9,0,7,2,2,9,28,9,176,172,148,69,176,5,13,2,156,2098,279,1405,455,760,415,670,993,443,649,17,5,0.3,326,0,0,0.0,0.0,Major,82,6,758,328,203,57,38,420.6952956545654,329.79877914952,163.50877192982455,1
31,5,25,2,2,1,1,1,9,9,8,2,9,0,2,0,7,346,60,249,94,187,37,208,234,96,176,3,2,0.15,19,0,0,0.0,0.0,Major,6,0,2,8,7,7,6,4103.057083333333,4690.005,309.85714285714283,19
25,2,18,4,3,3,14,6,54,54,40,1,54,2,24,0,28,1584,176,1116,423,716,298,594,771,365,552,12,4,0.27,187,0,0,0.0,0.0,Major,49,1,522,132,129,24,20,309.38459852430555,621.8190798611112,240.5,1
7,0,6,1,2,12,70,38,157,156,87,1040,157,20,21,0,116,5781,392,4698,3746,905,704,585,876,351,598,18,4,0.15,293,0,0,0.0,0.0,Major,649,20,3075,398,1259,107,81,67.55421723193781,49.49007415980796,105.58878504672896,1
4,0,4,0,1,1,0,0,4,4,4,1,4,0,0,0,4,44,6,25,15,5,13,12,17,12,5,1,0,0.52,4,0,0,0.0,0.0,Major,1,0,44,0,1,1,1,0.0,0.0,342.0,342
4,0,4,0,1,21,1,0,21,21,20,0,21,0,0,0,21,221,48,139,75,24,34,32,74,53,22,1,0,0.24,21,0,0,0.0,0.0,Major,5,0,221,0,5,2,2,1350.5279861111112,1350.5279861111112,258.5,175
23,3,20,0,5,1,9,2,9,9,0,0,9,0,2,0,7,256,39,201,57,133,16,120,151,57,110,16,3,0.08,48,0,0,0.0,0.0,Major,1,0,256,0,1,1,1,0.0,0.0,342.0,342
4,0,4,0,1,21,1,0,21,21,20,0,21,0,0,0,21,221,48,139,75,24,34,32,74,53,22,1,0,0.24,21,0,0,0.0,0.0,Major,5,0,221,0,5,2,2,1350.5279861111112,1350.5279861111112,258.5,175
15,2,13,0,1,1,1,0,6,6,5,10,6,0,2,0,4,236,28,177,135,55,33,98,107,79,47,2,1,0.19,8,0,0,0.0,0.0,Major,1,0,236,0,1,1,1,0.0,0.0,342.0,342
17,3,13,1,2,1,4,0,6,6,2,8,6,0,3,2,1,173,29,125,76,45,19,65,76,53,28,2,1,0.15,11,0,0,0.0,0.0,Major,3,0,173,0,3,1,1,2701.0559722222224,2701.0559722222224,342.0,342
0,0,0,0,0,1,0,0,0,0,0,0,0,0,0,0,0,34,4,15,14,0,15,8,9,9,0,0,0,1.0,0,0,0,0.0,0.0,Major,1,0,34,0,1,1,1,0.0,0.0,342.0,342
4,0,4,0,1,21,1,0,21,21,20,0,21,0,0,0,21,221,48,139,75,24,34,32,74,53,22,1,0,0.24,21,0,0,0.0,0.0,Major,5,0,221,0,5,2,2,1350.5279861111112,1350.5279861111112,258.5,175
14,1,13,0,1,1,1,0,6,6,5,5,6,0,0,0,6,166,18,120,71,61,28,94,102,65,56,2,1,0.23,7,0,0,0.0,0.0,Major,1,0,166,0,1,1,1,0.0,0.0,342.0,342
9,0,9,0,2,1,0,1,12,13,13,2,13,0,0,11,2,169,17,139,65,68,13,98,124,66,76,3,2,0.09,25,0,0,0.0,0.0,Major,5,0,169,0,5,3,3,5414.4470833333335,5414.4470833333335,167.33333333333334,17
25,4,21,1,3,1,2,0,2,2,0,0,2,0,0,0,2,82,13,51,28,30,18,37,44,26,22,4,3,0.35,6,0,0,0.0,0.0,Major,3,0,82,0,3,1,1,2701.0559722222224,2701.0559722222224,342.0,342
5,0,5,0,1,2,1,0,2,2,1,0,2,0,0,0,2,67,4,24,17,5,39,13,17,14,4,1,0,1.63,2,0,0,0.0,0.0,Major,3,0,67,0,3,2,2,4721.446666666667,4721.446666666667,179.5,17
13,1,10,3,1,8,4,4,75,72,72,6,76,4,10,0,62,1148,129,770,410,493,249,435,521,314,299,5,3,0.32,84,0,0,0.0,0.0,Major,26,0,594,89,41,23,16,943.9213263888888,1031.3018777777777,205.6086956521739,13
7,0,7,0,1,1,0,10,31,31,31,6,31,0,5,0,26,308,36,243,107,119,29,101,139,75,71,4,2,0.12,37,0,0,0.0,0.0,Major,21,1,308,0,21,10,10,1222.854875,1222.854875,326.5,2
7,0,6,1,1,3,0,2,65,65,65,26,65,0,2,0,63,611,93,443,170,210,76,192,284,138,167,4,2,0.17,91,0,0,0.0,0.0,Major,22,0,264,25,50,18,9,1475.1805668934242,1245.5497883597884,317.6666666666667,1
3,0,3,0,1,5,0,1,49,41,49,39,49,0,0,0,49,278,38,215,94,75,25,90,137,73,65,9,1,0.12,50,0,0,0.0,0.0,Major,11,0,183,12,12,4,3,2262.9347222222223,1519.533361111111,128.0,1
33,4,26,4,4,8,18,7,133,131,115,53,133,4,85,0,44,5040,753,3738,1236,2557,565,2102,2652,1087,2008,44,6,0.15,580,0,0,0.0,0.0,Major,105,1,4491,1166,199,38,26,206.30293771043773,253.8102964743589,198.6315789473684,1
54,1,48,6,6,4,0,1,5,5,5,0,5,0,0,0,5,304,12,245,71,185,47,142,181,71,136,20,5,0.19,32,0,0,0.0,0.0,Major,3,0,304,0,3,2,2,1322.5554166666666,1322.5554166666666,83.0,67
14,0,13,1,3,3,0,1,15,15,15,13,15,1,8,0,6,315,23,248,78,139,44,114,162,74,101,7,4,0.18,46,0,0,0.0,0.0,Major,13,0,315,0,13,6,6,611.8897222222222,611.8897222222222,190.8333333333333,17
15,0,14,1,2,2,0,1,1,1,1,0,1,0,0,1,0,90,8,54,15,36,28,13,16,12,4,2,1,0.52,2,0,0,0.0,0.0,No bug,3,0,90,0,3,3,3,5982.225416666667,5982.225416666667,227.0,45
4,0,4,0,1,1,0,0,1,1,1,0,1,0,0,0,1,34,4,9,6,1,21,3,5,4,1,1,0,2.33,1,0,0,0.0,0.0,No bug,3,0,34,0,3,3,3,5982.225416666667,5982.225416666667,510.0,294
18,3,15,1,1,1,1,8,2,2,1,0,2,0,1,0,1,194,16,159,39,131,19,42,45,28,22,1,0,0.12,2,0,0,0.0,0.0,No bug,11,0,194,0,11,5,5,1357.2143333333331,1357.2143333333331,173.8,13
30,2,26,1,1,3,0,3,23,23,23,7,23,0,3,0,20,763,81,635,264,508,47,318,344,189,266,2,1,0.07,24,0,0,0.0,0.0,No bug,11,0,763,0,11,3,3,1010.8931388888888,1010.8931388888888,117.33333333333331,13
15,0,14,1,2,2,0,1,1,1,1,0,1,0,0,1,0,92,8,54,15,36,30,13,16,12,4,2,1,0.56,2,0,0,0.0,0.0,No bug,2,0,92,0,2,2,2,8482.878611111111,8482.878611111111,318.0,294
5,0,5,0,1,3,1,0,14,14,13,4,14,0,1,3,10,128,22,88,46,26,19,36,53,34,20,2,1,0.22,15,0,0,0.0,0.0,No bug,2,0,128,0,2,2,2,2148.451111111111,2148.451111111111,29.0,13
4,0,4,0,1,1,0,0,1,1,1,0,1,0,0,0,1,32,5,10,6,2,17,5,7,6,1,1,0,1.7,1,0,0,0.0,0.0,No bug,1,0,32,0,1,1,1,0.0,0.0,45.0,45
4,0,4,0,1,1,0,0,1,1,1,0,1,0,0,0,1,34,4,9,6,1,21,3,5,4,1,1,0,2.33,1,0,0,0.0,0.0,No bug,2,0,34,0,2,2,2,8482.878611111111,8482.878611111111,318.0,294
12,0,12,0,1,1,0,0,1,1,1,0,1,0,0,0,1,46,5,24,18,9,17,19,21,17,9,1,0,0.71,1,0,0,0.0,0.0,No bug,1,0,46,0,1,1,1,0.0,0.0,45.0,45
25,1,20,4,2,9,4,36,11,11,7,6,11,0,5,0,6,925,57,789,200,641,80,218,237,158,106,5,2,0.1,17,0,0,0.0,0.0,No bug,5,0,925,0,5,4,4,1368.0011111111112,1368.0011111111112,563.75,45
25,2,22,0,2,3,0,1,6,6,6,4,6,0,1,0,5,251,27,206,107,127,19,104,115,93,46,3,1,0.09,9,0,0,0.0,0.0,No bug,10,0,251,0,10,3,3,1098.3447839506173,1098.3447839506173,544.0,13
13,1,12,1,2,2,11,6,72,72,48,5,59,0,25,3,31,1126,116,935,316,589,86,367,516,250,339,11,4,0.09,161,0,0,0.0,0.0,No bug,27,0,1124,0,27,7,7,560.8611965811966,560.8611965811966,320.85714285714283,13
27,1,21,5,3,2,22,17,31,32,1,0,23,1,3,0,19,878,55,663,263,408,162,296,364,214,194,14,4,0.24,78,0,0,0.0,0.0,No bug,24,0,878,0,24,6,6,640.0657971014492,640.0657971014492,407.1666666666667,13
12,0,12,0,2,2,0,1,3,3,3,1,3,1,0,0,2,72,7,45,13,26,20,25,33,11,24,5,1,0.44,7,0,0,0.0,0.0,No bug,1,0,72,0,1,1,1,0.0,0.0,13.0,13
6,0,6,0,1,1,0,1,6,6,5,3,5,0,0,0,5,83,10,56,29,14,17,26,33,23,12,2,1,0.3,7,0,0,0.0,0.0,No bug,2,0,83,0,2,1,1,3296.0222222222224,3296.0222222222224,45.0,45
18,0,13,4,3,1,4,3,4,4,0,0,4,0,0,0,4,127,16,76,37,35,35,47,58,37,33,5,2,0.46,10,0,0,0.0,0.0,No bug,2,0,127,0,2,1,1,5309.172777777778,5309.172777777778,45.0,45
4,0,4,0,1,1,1,0,4,4,3,2,4,0,0,0,4,46,6,23,8,5,17,8,13,8,5,1,0,0.74,4,0,0,0.0,0.0,No bug,1,0,46,0,1,1,1,0.0,0.0,45.0,45
22,2,18,2,2,2,0,1,4,4,4,2,4,0,1,0,3,142,17,93,44,46,32,49,59,36,32,5,2,0.34,8,0,0,0.0,0.0,No bug,3,0,142,0,3,1,1,2654.586388888889,2654.586388888889,45.0,45
9,0,8,0,2,1,0,1,7,7,7,1,7,0,2,0,5,104,13,73,27,26,18,25,38,18,21,2,1,0.25,12,0,0,0.0,0.0,No bug,1,0,104,0,1,1,1,0.0,0.0,45.0,45
6,0,6,0,1,1,0,0,7,7,7,2,7,0,0,0,7,85,13,51,23,20,21,28,39,21,19,2,1,0.41,10,0,0,0.0,0.0,No bug,4,0,85,0,4,3,3,3200.142962962963,3200.142962962963,227.0,45
22,1,19,3,4,2,5,1,10,10,5,0,10,0,5,0,5,319,25,244,124,132,54,137,167,99,99,11,2,0.22,37,0,0,0.0,0.0,No bug,16,0,319,0,16,5,5,774.1517037037037,774.1517037037037,141.2,12
37,4,32,1,3,1,0,1,3,3,3,0,3,0,0,0,3,183,22,140,87,75,21,68,75,66,29,6,1,0.15,8,0,0,0.0,0.0,No bug,19,0,183,0,19,6,6,645.1264197530863,645.1264197530863,527.0,13
30,2,27,2,3,2,0,1,8,8,8,9,8,0,2,0,6,331,33,266,103,166,32,125,152,85,82,7,4,0.12,25,0,0,0.0,0.0,No bug,9,0,331,0,9,3,3,1472.7189236111112,1472.7189236111112,28.0,13
10,0,10,0,3,1,1,1,17,17,16,12,17,0,1,0,16,247,26,200,71,98,21,77,108,42,67,24,1,0.1,59,0,0,0.0,0.0,No bug,1,0,247,0,1,1,1,0.0,0.0,13.0,13
6,0,6,0,1,2,0,0,11,9,11,10,11,0,0,0,11,125,16,88,44,22,21,28,39,24,15,4,0,0.24,12,0,0,0.0,0.0,No bug,1,0,125,0,1,1,1,0.0,0.0,13.0,13
9,0,9,0,1,2,0,0,18,18,18,12,18,0,0,0,18,231,25,185,86,60,21,55,77,44,33,5,1,0.11,24,0,0,0.0,0.0,No bug,1,0,231,0,1,1,1,0.0,0.0,13.0,13
11,0,11,0,3,1,0,0,8,8,8,4,8,0,0,0,8,143,15,107,44,49,21,33,47,23,25,10,1,0.2,22,0,0,0.0,0.0,No bug,1,0,143,0,1,1,1,0.0,0.0,13.0,13
12,0,12,0,3,1,1,0,11,11,10,6,11,0,1,0,10,200,20,156,62,74,25,47,67,28,40,15,1,0.16,33,0,0,0.0,0.0,No bug,1,0,200,0,1,1,1,0.0,0.0,13.0,13
12,0,11,0,3,1,1,2,17,17,16,9,17,0,0,0,17,272,28,218,76,102,26,67,95,42,54,14,1,0.12,43,0,0,0.0,0.0,No bug,2,0,272,0,2,2,2,213.4905555555556,213.4905555555556,29.0,13
8,0,7,0,2,2,0,1,6,6,6,2,6,0,0,1,5,101,15,64,33,24,22,34,44,25,24,3,1,0.34,10,0,0,0.0,0.0,No bug,10,1,101,0,10,4,4,1500.6251543209878,1500.6251543209878,563.75,45
4,0,4,0,1,2,0,2,1,1,1,0,1,0,0,0,1,40,5,14,10,4,21,10,12,10,3,1,0,1.5,1,0,0,0.0,0.0,No bug,3,0,40,0,3,2,2,3029.267638888889,3029.267638888889,177.5,13
23,1,21,2,4,2,0,1,16,16,11,4,11,0,3,1,7,483,24,416,142,265,47,238,275,131,165,17,2,0.11,64,0,0,0.0,0.0,No bug,25,0,483,0,25,4,4,613.3963888888889,613.3963888888889,173.5,13
9,0,8,1,1,1,0,0,2,2,2,0,2,0,0,0,2,54,9,26,18,7,19,12,15,13,3,1,0,0.73,2,0,0,0.0,0.0,No bug,2,0,54,0,2,2,2,5724.8052777777775,5724.8052777777775,177.5,13
5,0,4,0,1,1,0,0,8,8,8,1,8,0,0,0,8,81,15,46,23,12,20,19,30,18,12,3,1,0.43,10,0,0,0.0,0.0,No bug,2,0,81,0,2,2,2,11964.450833333334,11964.450833333334,318.0,294
10,0,9,1,2,2,0,1,12,12,9,4,9,0,1,1,7,162,17,115,58,51,30,59,75,44,39,3,2,0.26,21,0,0,0.0,0.0,No bug,12,1,162,0,12,4,4,1303.3721717171718,1303.3721717171718,563.75,45
9,0,8,0,2,2,0,1,6,6,6,2,6,0,0,1,5,110,15,73,34,29,22,36,48,26,25,3,2,0.3,12,0,0,0.0,0.0,No bug,9,1,110,0,9,3,3,1687.1033333333332,1687.1033333333332,227.0,45
8,0,8,0,2,2,0,1,6,6,6,2,6,0,0,1,5,102,15,65,33,24,22,36,48,27,26,3,2,0.34,12,0,0,0.0,0.0,No bug,2,0,102,0,2,2,2,514.0927777777778,514.0927777777778,61.0,13
7,0,7,0,2,2,0,1,6,6,6,1,6,0,0,1,5,89,11,56,27,22,22,26,35,19,18,3,1,0.39,11,0,0,0.0,0.0,No bug,9,0,89,0,9,4,4,1792.136736111111,1792.136736111111,563.75,45
11,0,10,1,2,2,0,1,13,19,19,13,19,0,1,1,17,282,33,196,101,75,53,102,126,77,57,6,3,0.27,22,0,0,0.0,0.0,No bug,8,0,282,0,8,3,3,1709.207261904762,1709.207261904762,227.0,45
22,0,16,6,5,1,1,6,1,1,0,0,1,0,0,0,1,68,8,32,16,19,28,21,24,16,9,5,1,0.88,5,0,0,0.0,0.0,No bug,7,0,68,0,7,3,3,2249.471111111111,2249.471111111111,227.0,45
7,0,6,1,2,1,1,0,5,3,4,10,5,0,1,0,4,66,7,46,18,23,13,18,22,9,13,10,1,0.28,12,0,0,0.0,0.0,No bug,4,0,66,0,4,1,1,934.5053703703704,934.5053703703704,67.0,67
9,0,8,1,2,6,3,7,43,41,40,6,43,1,2,0,40,504,73,405,116,220,32,183,280,102,195,8,3,0.08,95,0,0,0.0,0.0,No bug,4,0,504,0,4,2,2,5256.986018518519,5256.986018518519,66.5,66
9,0,8,1,2,6,3,7,43,41,40,6,43,1,2,0,40,504,73,405,116,220,32,183,280,102,195,8,3,0.08,95,0,0,0.0,0.0,No bug,4,0,504,0,4,2,2,5256.986018518519,5256.986018518519,66.5,66
7,0,6,1,2,6,3,5,38,36,35,4,38,1,2,0,35,394,64,305,102,147,28,136,209,89,131,5,3,0.09,66,0,0,0.0,0.0,No bug,4,0,394,0,4,2,2,5256.986018518519,5256.986018518519,66.5,66
12,1,11,1,3,6,3,12,60,58,57,13,60,1,2,0,57,863,107,726,162,446,45,346,512,148,396,17,4,0.06,178,0,0,0.0,0.0,No bug,6,0,863,0,6,3,3,3379.3885,3379.3885,342.3333333333333,66
15,1,13,1,1,3,3,5,18,18,14,4,17,1,7,0,9,337,43,263,100,173,31,162,182,81,118,2,1,0.12,20,0,0,0.0,0.0,Critical,19,0,337,0,19,12,12,2248.7094135802467,2248.7094135802467,115.66666666666669,2
12,0,11,1,3,1,1,4,46,46,30,9,31,11,14,0,6,663,59,515,167,310,91,237,350,147,250,10,5,0.18,119,0,0,0.0,0.0,Critical,31,0,663,0,31,14,14,1831.0975,1831.0975,50.07142857142857,5
19,1,18,0,2,2,26,1,28,26,2,7,28,0,2,0,26,604,57,520,145,385,30,239,287,110,201,14,3,0.06,50,0,0,0.0,0.0,Critical,13,0,604,0,13,9,9,2591.638564814815,2591.638564814815,50.55555555555556,2
9,0,7,2,2,9,29,10,196,192,167,75,196,5,15,2,174,2307,309,1531,511,817,469,734,1087,495,702,17,5,0.31,357,0,0,0.0,0.0,Major,136,6,1020,381,257,87,68,525.9675347222222,565.7847427983539,134.183908045977,1
8,0,7,1,2,8,6,3,56,52,49,34,55,2,8,12,33,656,76,441,157,235,139,196,294,128,189,9,2,0.32,101,0,0,0.0,0.0,Major,13,0,656,0,13,8,8,4103.430648148148,4103.430648148148,21.625,2
18,1,13,5,2,3,0,3,24,24,23,6,23,0,9,0,14,530,55,346,139,215,136,200,260,128,183,13,6,0.39,57,0,0,0.0,0.0,Major,26,2,214,90,52,24,15,2497.5419553376905,3135.9694777777777,284.7916666666667,4
41,1,32,8,7,2,0,2,6,6,6,3,6,0,4,0,2,311,19,221,68,139,71,110,164,78,110,22,7,0.32,42,0,0,0.0,0.0,Major,41,0,940,237,45,26,23,1930.124008838384,1888.2043194444443,154.07692307692307,8
33,6,24,2,2,1,0,0,33,33,32,0,32,1,1,0,30,1186,241,844,305,674,102,686,749,279,627,7,3,0.12,57,0,0,0.0,0.0,Major,41,0,940,237,45,26,23,1930.124008838384,1888.2043194444443,154.07692307692307,8
12,0,9,3,2,28,131,47,231,249,113,44,244,15,31,0,198,3454,306,2393,748,1407,767,1044,1584,686,1086,40,5,0.32,550,0,0,0.0,0.0,Major,198,7,3289,305,208,51,48,412.0277858293076,411.7480964467005,135.3921568627451,2
12,3,9,0,2,1,0,0,2,2,2,0,2,0,0,1,1,66,10,36,23,10,20,23,28,20,10,3,1,0.56,4,0,0,0.0,0.0,Major,3,0,66,0,3,3,3,6438.597777777778,6438.597777777778,49.333333333333336,13
9,0,5,3,2,2,1,1,25,23,24,14,25,0,1,0,24,303,33,162,55,84,113,60,88,43,45,33,2,0.7,57,0,0,0.0,0.0,Major,34,2,127,46,53,29,19,2449.5797863247863,2214.8257323232324,214.5862068965517,4
24,2,18,4,4,1,3,1,14,14,11,0,14,0,12,0,2,401,46,278,98,186,77,150,199,90,152,8,3,0.28,50,0,0,0.0,0.0,Major,8,0,401,0,8,4,4,1959.30123015873,1959.30123015873,193.25,29
22,1,20,1,3,48,11,13,670,672,653,59,664,8,264,88,304,15400,1173,13309,3731,9430,949,6570,8978,3113,7117,59,10,0.07,2172,0,0,0.0,0.0,Major,156,1,15400,0,156,66,66,317.68495340501795,317.68495340501795,93.51515151515152,1
34,3,27,4,6,10,13,1,56,56,42,13,55,2,41,5,7,2176,235,1674,555,1103,273,836,1204,535,894,21,7,0.16,311,0,0,0.0,0.0,Major,84,0,1792,93,108,37,35,852.8080269989616,981.8988319946452,181.1351351351352,2
35,2,26,7,6,2,1,2,10,10,9,1,10,1,4,0,5,450,48,310,139,184,92,171,233,126,148,14,5,0.3,59,0,0,0.0,0.0,Major,17,0,209,44,21,11,10,3059.7014444444444,3368.735451388889,415.45454545454544,37
24,2,18,4,4,4,15,6,64,64,47,4,62,4,27,0,31,1818,191,1320,491,841,313,700,923,440,656,14,4,0.24,228,0,0,0.0,0.0,Major,95,1,876,252,175,49,45,525.1111047254151,868.2491430260047,162.0204081632653,1
22,1,20,1,3,48,11,13,670,672,653,59,664,8,264,88,304,15400,1173,13309,3731,9430,949,6570,8978,3113,7117,59,10,0.07,2172,0,0,0.0,0.0,Major,156,1,15400,0,156,66,66,317.68495340501795,317.68495340501795,93.51515151515152,1
33,4,26,3,4,9,26,7,148,144,121,68,147,4,92,0,51,5568,802,4185,1347,2860,596,2277,2895,1166,2200,49,6,0.14,663,0,0,0.0,0.0,Major,172,1,5016,1163,266,67,55,341.76856498951787,445.1284145549058,147.82089552238807,1
10,0,10,0,2,1,2,1,41,41,39,10,41,1,10,0,30,545,58,425,107,281,62,211,274,98,182,24,4,0.15,99,0,0,0.0,0.0,Major,22,1,383,72,36,12,8,2364.565126984128,2791.850357142857,357.0,19
31,2,26,4,4,19,8,4,101,99,91,70,99,4,32,4,59,3277,255,2645,834,1934,394,1265,1680,719,1268,38,7,0.15,418,0,0,0.0,0.0,Major,55,0,3276,0,55,33,33,911.8734773662552,911.8734773662552,140.57575757575756,1
22,1,20,1,3,48,11,13,670,672,653,59,664,8,264,88,304,15400,1173,13309,3731,9430,949,6570,8978,3113,7117,59,10,0.07,2172,0,0,0.0,0.0,Major,156,1,15400,0,156,66,66,317.68495340501795,317.68495340501795,93.51515151515152,1
18,1,15,2,3,6,5,6,69,69,62,18,67,6,10,0,51,1502,122,1210,531,749,170,649,806,401,564,17,4,0.14,173,0,0,0.0,0.0,Major,67,0,1309,100,75,34,33,982.3564527027028,1060.9088678451178,129.38235294117646,1
34,2,28,4,2,4,1,3,9,9,8,0,9,0,0,0,9,317,28,235,86,173,54,149,168,65,129,3,2,0.23,15,0,0,0.0,0.0,Major,14,1,317,0,14,9,9,3150.099572649573,3150.099572649573,35.77777777777778,2
10,0,9,1,2,8,7,14,477,478,455,21,462,2,34,32,394,5312,585,4283,1712,2201,453,1651,2499,986,1839,23,7,0.11,835,0,0,0.0,0.0,Major,140,2,5311,0,140,67,67,353.86916067146285,353.86916067146285,72.08955223880596,1
11,0,8,3,2,4,38,31,65,61,25,392,63,12,5,0,46,2689,114,2283,1841,493,299,305,431,161,297,13,3,0.13,140,0,0,0.0,0.0,Major,147,3,2689,0,147,72,72,335.44837328767125,335.44837328767125,56.513888888888886,1
22,1,13,8,1,1,0,1,9,9,9,0,9,0,7,1,1,248,20,136,59,90,92,63,75,48,43,3,1,0.68,11,0,0,0.0,0.0,Major,16,0,248,0,16,8,8,1777.2702962962962,1777.2702962962962,24.625,4
28,2,21,5,5,4,2,3,58,58,56,82,58,2,25,9,22,1875,168,1386,351,892,335,705,996,345,729,36,7,0.24,302,0,0,0.0,0.0,Major,126,8,944,353,228,63,45,594.1410927557513,605.72366,155.25396825396825,2
12,0,9,3,2,28,131,47,231,249,113,44,244,15,31,0,198,3454,306,2393,748,1407,767,1044,1584,686,1086,40,5,0.32,550,0,0,0.0,0.0,Major,198,7,3289,305,208,51,48,412.0277858293076,411.7480964467005,135.3921568627451,2
16,0,10,6,2,2,7,2,15,15,5,0,12,5,3,3,1,304,17,179,69,97,108,91,131,68,79,10,4,0.6,36,0,0,0.0,0.0,Major,25,0,304,0,25,14,14,1502.1338888888888,1502.1338888888888,30.285714285714285,4
16,1,13,3,1,1,0,0,4,4,4,0,4,0,3,0,1,105,10,64,29,41,31,29,34,27,17,1,0,0.48,4,0,0,0.0,0.0,Major,17,0,105,0,17,9,9,1762.4653819444443,1762.4653819444443,86.22222222222223,5
5,0,4,1,1,3,0,1,106,104,106,48,106,0,0,0,106,755,127,507,212,204,124,226,339,175,169,2,1,0.24,115,0,0,0.0,0.0,Major,63,2,361,59,83,33,24,1398.3016497289973,1077.1509722222222,238.96969696969697,4
35,2,26,7,6,2,1,2,10,10,9,1,10,1,4,0,5,450,48,310,139,184,92,171,233,126,148,14,5,0.3,59,0,0,0.0,0.0,Major,17,0,209,44,21,11,10,3059.7014444444444,3368.735451388889,415.45454545454544,37
21,1,17,3,2,6,17,11,72,72,55,8,72,3,30,0,39,1711,151,1335,435,948,229,852,1027,378,801,10,4,0.17,161,0,0,0.0,0.0,Major,57,1,1351,188,69,36,29,1308.923737745098,1345.5460813492064,200.91666666666663,2
9,0,9,0,2,7,1,2,22,23,22,5,23,3,1,3,16,273,27,224,94,110,24,123,173,88,102,13,2,0.11,41,0,0,0.0,0.0,Major,5,1,273,0,5,4,4,9365.96548611111,9365.96548611111,777.0,34
4,0,3,0,1,1,1,2,23,23,9,0,10,0,1,0,9,114,15,80,49,49,20,57,68,49,41,1,0,0.25,23,0,0,0.0,0.0,Major,2,1,114,0,2,2,2,6543.8575,6543.8575,27.0,20
7,0,6,1,2,18,75,39,169,166,94,1387,169,20,19,0,130,7216,445,6041,5011,974,740,622,932,382,637,22,5,0.12,310,0,0,0.0,0.0,Major,1134,26,4871,759,1744,225,199,77.91464684133358,73.16115818377955,69.91111111111111,1
3,0,2,1,1,2,0,0,1,6,6,0,6,6,0,0,0,52,6,12,9,0,34,6,9,9,0,1,0,2.83,1,0,0,0.0,0.0,Major,5,1,52,0,5,4,4,8627.35076388889,8627.35076388889,395.75,34
7,0,7,1,2,3,1,11,30,30,29,10,30,1,11,0,18,327,37,231,86,129,81,119,182,77,129,8,3,0.35,63,0,0,0.0,0.0,Major,7,1,327,0,7,5,5,7670.442361111111,7670.442361111111,627.2,28
7,0,6,1,1,3,0,1,16,17,17,9,17,0,1,1,15,185,21,136,66,52,28,67,92,54,41,3,2,0.21,23,0,0,0.0,0.0,Major,22,2,185,0,22,5,5,1834.023452380952,1834.023452380952,324.8,34
12,0,11,2,3,2,19,8,27,27,8,6,27,0,2,0,25,423,38,333,126,190,56,183,258,116,174,15,3,0.17,72,0,0,0.0,0.0,Major,17,1,423,0,17,8,8,2426.3342534722224,2426.3342534722224,239.25,2
14,0,11,2,3,4,5,5,49,49,43,35,48,3,10,0,35,906,89,669,267,361,157,358,478,222,298,18,5,0.23,128,0,0,0.0,0.0,Major,43,2,906,0,43,17,17,1451.606164021164,1451.606164021164,252.23529411764707,5
32,1,21,10,4,1,2,3,12,12,8,2,10,0,8,0,2,503,38,304,148,179,161,168,222,130,143,12,5,0.53,44,0,0,0.0,0.0,Major,16,0,242,17,16,10,10,3849.1849629629633,3849.1849629629633,343.0,6
8,0,7,0,2,1,1,0,10,10,7,7,8,0,1,0,7,140,16,98,40,46,26,56,74,40,38,5,3,0.27,18,0,0,0.0,0.0,Major,3,0,140,0,3,1,1,166.23694444444445,166.23694444444445,34.0,34
10,1,9,0,1,2,2,0,6,6,4,0,6,1,2,0,3,117,19,77,45,34,22,55,63,40,33,1,0,0.29,6,0,0,0.0,0.0,Major,3,0,117,0,3,2,2,431.66027777777776,431.66027777777776,56.0,37
8,0,5,2,1,2,8,6,46,46,38,5,46,2,3,0,41,466,63,277,109,140,126,139,207,107,110,5,2,0.45,67,0,0,0.0,0.0,Major,9,0,466,0,9,7,7,3353.1956944444446,3353.1956944444446,508.2857142857143,28
7,1,6,0,2,1,0,1,5,5,5,1,5,0,3,0,2,80,12,50,29,21,18,32,40,28,17,3,1,0.36,8,0,0,0.0,0.0,Minor,3,0,80,0,3,3,3,3529.7369444444444,3529.7369444444444,12.666666666666666,2
6,1,4,0,1,1,0,1,4,4,4,1,4,0,2,0,2,70,15,34,24,12,21,25,30,23,10,1,0,0.62,4,0,0,0.0,0.0,Minor,3,0,70,0,3,3,3,8653.52875,8653.52875,44.0,2
8,0,7,1,2,1,1,1,22,22,20,3,21,1,1,0,19,253,33,187,90,71,35,77,113,59,61,11,2,0.19,37,0,0,0.0,0.0,Minor,4,0,253,0,4,3,3,15179.899907407407,15179.899907407407,28.0,2
11,2,9,0,2,1,0,1,5,5,5,1,5,0,3,0,2,108,23,64,35,30,21,41,54,36,27,4,3,0.33,11,0,0,0.0,0.0,Minor,6,0,108,0,6,5,5,3461.4115,3461.4115,137.6,2
29,2,25,2,4,2,0,7,4,4,4,0,4,0,2,0,2,179,18,134,63,80,30,86,102,51,65,9,3,0.22,14,0,0,0.0,0.0,Minor,3,0,179,0,3,3,3,8472.42111111111,8472.42111111111,124.66666666666669,2
7,1,6,0,1,1,0,2,4,4,4,0,4,0,2,0,2,71,13,40,27,15,18,28,33,26,12,1,0,0.45,4,0,0,0.0,0.0,Minor,4,0,71,0,4,4,4,2859.463611111112,2859.463611111112,100.5,2
13,1,12,0,3,3,0,3,39,39,39,0,39,4,17,2,16,642,97,520,200,321,25,278,364,176,253,36,3,0.05,113,0,0,0.0,0.0,Minor,17,0,642,0,17,12,12,2336.444774305556,2336.444774305556,31.916666666666668,1
7,2,6,0,1,1,0,1,5,5,5,1,5,0,3,0,2,86,19,46,28,19,22,31,38,27,16,3,1,0.48,7,0,0,0.0,0.0,Minor,6,0,86,0,6,5,5,3461.4115,3461.4115,137.6,2
19,1,14,4,3,1,0,5,10,10,10,11,10,0,3,0,7,280,32,180,61,112,69,113,140,62,87,7,3,0.38,26,0,0,0.0,0.0,Minor,2,0,280,0,2,2,2,21275.506388888887,21275.506388888887,96.0,2
6,1,5,0,1,1,0,1,5,5,5,1,5,0,3,0,2,82,16,45,29,19,21,32,39,28,16,3,1,0.47,7,0,0,0.0,0.0,Minor,6,0,82,0,6,5,5,3461.4115,3461.4115,137.6,2
27,2,18,9,2,2,0,2,3,3,3,0,3,0,0,0,3,112,11,53,29,26,52,32,39,28,16,4,2,0.98,6,0,0,0.0,0.0,Minor,2,0,112,0,2,2,2,21275.506388888887,21275.506388888887,96.0,2
6,0,6,0,1,1,0,1,5,5,5,1,5,0,2,0,3,76,13,45,27,18,18,29,37,26,15,2,1,0.4,6,0,0,0.0,0.0,Minor,2,0,76,0,2,2,2,4339.301111111111,4339.301111111111,3.5,2
9,2,7,0,2,1,0,1,5,5,5,1,5,0,3,0,2,93,21,51,30,23,21,34,43,29,20,4,2,0.41,10,0,0,0.0,0.0,Minor,6,0,93,0,6,5,5,3461.4115,3461.4115,137.6,2
13,2,11,0,3,1,0,1,6,6,6,1,6,0,4,0,2,133,25,87,50,48,21,59,71,48,40,6,2,0.24,16,0,0,0.0,0.0,Minor,8,0,133,0,8,7,7,2981.187936507936,2981.187936507936,106.42857142857144,2
9,2,7,0,2,1,0,1,5,5,5,1,5,0,3,0,2,94,20,53,31,24,22,36,45,31,21,4,2,0.42,8,0,0,0.0,0.0,Minor,6,0,94,0,6,5,5,3461.4115,3461.4115,137.6,2
10,2,8,0,2,1,0,1,5,5,5,1,5,0,3,0,2,104,20,63,38,30,21,44,53,37,26,3,1,0.33,9,0,0,0.0,0.0,Minor,10,0,104,0,10,9,9,4151.515771604938,4151.515771604938,91.0,2
8,1,7,0,2,1,0,1,6,6,6,3,6,0,2,0,4,97,16,63,35,30,18,39,51,34,22,4,2,0.29,9,0,0,0.0,0.0,Minor,3,0,97,0,3,3,3,2169.6505555555555,2169.6505555555555,12.666666666666666,2
11,3,8,0,2,1,0,1,5,5,5,1,5,0,3,0,2,103,25,57,33,28,21,40,48,32,24,4,1,0.37,10,0,0,0.0,0.0,Minor,8,0,103,0,8,7,7,4612.90626984127,4612.90626984127,102.42857142857144,2
9,2,7,0,2,1,0,1,6,6,6,1,6,0,4,0,2,107,25,61,36,29,21,40,50,35,25,4,2,0.34,14,0,0,0.0,0.0,Minor,6,0,107,0,6,5,5,3461.4115,3461.4115,137.6,2
15,1,13,1,1,3,3,5,18,18,14,4,17,1,7,0,9,337,43,263,100,173,31,162,182,81,118,2,1,0.12,20,0,0,0.0,0.0,Critical,19,0,337,0,19,12,12,2248.7094135802467,2248.7094135802467,115.66666666666669,2
12,0,11,1,3,1,1,4,46,46,30,9,31,11,14,0,6,663,59,515,167,310,91,237,350,147,250,10,5,0.18,119,0,0,0.0,0.0,Critical,31,0,663,0,31,14,14,1831.0975,1831.0975,50.07142857142857,5
19,1,18,0,2,2,26,1,28,26,2,7,28,0,2,0,26,604,57,520,145,385,30,239,287,110,201,14,3,0.06,50,0,0,0.0,0.0,Critical,13,0,604,0,13,9,9,2591.638564814815,2591.638564814815,50.55555555555556,2
9,0,7,2,2,9,29,10,196,192,167,75,196,5,15,2,174,2307,309,1531,511,817,469,734,1087,495,702,17,5,0.31,357,0,0,0.0,0.0,Major,136,6,1020,381,257,87,68,525.9675347222222,565.7847427983539,134.183908045977,1
8,0,7,1,2,8,6,3,56,52,49,34,55,2,8,12,33,656,76,441,157,235,139,196,294,128,189,9,2,0.32,101,0,0,0.0,0.0,Major,13,0,656,0,13,8,8,4103.430648148148,4103.430648148148,21.625,2
18,1,13,5,2,3,0,3,24,24,23,6,23,0,9,0,14,530,55,346,139,215,136,200,260,128,183,13,6,0.39,57,0,0,0.0,0.0,Major,26,2,214,90,52,24,15,2497.5419553376905,3135.9694777777777,284.7916666666667,4
41,1,32,8,7,2,0,2,6,6,6,3,6,0,4,0,2,311,19,221,68,139,71,110,164,78,110,22,7,0.32,42,0,0,0.0,0.0,Major,41,0,940,237,45,26,23,1930.124008838384,1888.2043194444443,154.07692307692307,8
33,6,24,2,2,1,0,0,33,33,32,0,32,1,1,0,30,1186,241,844,305,674,102,686,749,279,627,7,3,0.12,57,0,0,0.0,0.0,Major,41,0,940,237,45,26,23,1930.124008838384,1888.2043194444443,154.07692307692307,8
12,0,9,3,2,28,131,47,231,249,113,44,244,15,31,0,198,3454,306,2393,748,1407,767,1044,1584,686,1086,40,5,0.32,550,0,0,0.0,0.0,Major,198,7,3289,305,208,51,48,412.0277858293076,411.7480964467005,135.3921568627451,2
12,3,9,0,2,1,0,0,2,2,2,0,2,0,0,1,1,66,10,36,23,10,20,23,28,20,10,3,1,0.56,4,0,0,0.0,0.0,Major,3,0,66,0,3,3,3,6438.597777777778,6438.597777777778,49.333333333333336,13
9,0,5,3,2,2,1,1,25,23,24,14,25,0,1,0,24,303,33,162,55,84,113,60,88,43,45,33,2,0.7,57,0,0,0.0,0.0,Major,34,2,127,46,53,29,19,2449.5797863247863,2214.8257323232324,214.5862068965517,4
24,2,18,4,4,1,3,1,14,14,11,0,14,0,12,0,2,401,46,278,98,186,77,150,199,90,152,8,3,0.28,50,0,0,0.0,0.0,Major,8,0,401,0,8,4,4,1959.30123015873,1959.30123015873,193.25,29
22,1,20,1,3,48,11,13,670,672,653,59,664,8,264,88,304,15400,1173,13309,3731,9430,949,6570,8978,3113,7117,59,10,0.07,2172,0,0,0.0,0.0,Major,156,1,15400,0,156,66,66,317.68495340501795,317.68495340501795,93.51515151515152,1
34,3,27,4,6,10,13,1,56,56,42,13,55,2,41,5,7,2176,235,1674,555,1103,273,836,1204,535,894,21,7,0.16,311,0,0,0.0,0.0,Major,84,0,1792,93,108,37,35,852.8080269989616,981.8988319946452,181.1351351351352,2
35,2,26,7,6,2,1,2,10,10,9,1,10,1,4,0,5,450,48,310,139,184,92,171,233,126,148,14,5,0.3,59,0,0,0.0,0.0,Major,17,0,209,44,21,11,10,3059.7014444444444,3368.735451388889,415.45454545454544,37
24,2,18,4,4,4,15,6,64,64,47,4,62,4,27,0,31,1818,191,1320,491,841,313,700,923,440,656,14,4,0.24,228,0,0,0.0,0.0,Major,95,1,876,252,175,49,45,525.1111047254151,868.2491430260047,162.0204081632653,1
22,1,20,1,3,48,11,13,670,672,653,59,664,8,264,88,304,15400,1173,13309,3731,9430,949,6570,8978,3113,7117,59,10,0.07,2172,0,0,0.0,0.0,Major,156,1,15400,0,156,66,66,317.68495340501795,317.68495340501795,93.51515151515152,1
33,4,26,3,4,9,26,7,148,144,121,68,147,4,92,0,51,5568,802,4185,1347,2860,596,2277,2895,1166,2200,49,6,0.14,663,0,0,0.0,0.0,Major,172,1,5016,1163,266,67,55,341.76856498951787,445.1284145549058,147.82089552238807,1
10,0,10,0,2,1,2,1,41,41,39,10,41,1,10,0,30,545,58,425,107,281,62,211,274,98,182,24,4,0.15,99,0,0,0.0,0.0,Major,22,1,383,72,36,12,8,2364.565126984128,2791.850357142857,357.0,19
31,2,26,4,4,19,8,4,101,99,91,70,99,4,32,4,59,3277,255,2645,834,1934,394,1265,1680,719,1268,38,7,0.15,418,0,0,0.0,0.0,Major,55,0,3276,0,55,33,33,911.8734773662552,911.8734773662552,140.57575757575756,1
22,1,20,1,3,48,11,13,670,672,653,59,664,8,264,88,304,15400,1173,13309,3731,9430,949,6570,8978,3113,7117,59,10,0.07,2172,0,0,0.0,0.0,Major,156,1,15400,0,156,66,66,317.68495340501795,317.68495340501795,93.51515151515152,1
18,1,15,2,3,6,5,6,69,69,62,18,67,6,10,0,51,1502,122,1210,531,749,170,649,806,401,564,17,4,0.14,173,0,0,0.0,0.0,Major,67,0,1309,100,75,34,33,982.3564527027028,1060.9088678451178,129.38235294117646,1
34,2,28,4,2,4,1,3,9,9,8,0,9,0,0,0,9,317,28,235,86,173,54,149,168,65,129,3,2,0.23,15,0,0,0.0,0.0,Major,14,1,317,0,14,9,9,3150.099572649573,3150.099572649573,35.77777777777778,2
10,0,9,1,2,8,7,14,477,478,455,21,462,2,34,32,394,5312,585,4283,1712,2201,453,1651,2499,986,1839,23,7,0.11,835,0,0,0.0,0.0,Major,140,2,5311,0,140,67,67,353.86916067146285,353.86916067146285,72.08955223880596,1
11,0,8,3,2,4,38,31,65,61,25,392,63,12,5,0,46,2689,114,2283,1841,493,299,305,431,161,297,13,3,0.13,140,0,0,0.0,0.0,Major,147,3,2689,0,147,72,72,335.44837328767125,335.44837328767125,56.513888888888886,1
22,1,13,8,1,1,0,1,9,9,9,0,9,0,7,1,1,248,20,136,59,90,92,63,75,48,43,3,1,0.68,11,0,0,0.0,0.0,Major,16,0,248,0,16,8,8,1777.2702962962962,1777.2702962962962,24.625,4
28,2,21,5,5,4,2,3,58,58,56,82,58,2,25,9,22,1875,168,1386,351,892,335,705,996,345,729,36,7,0.24,302,0,0,0.0,0.0,Major,126,8,944,353,228,63,45,594.1410927557513,605.72366,155.25396825396825,2
12,0,9,3,2,28,131,47,231,249,113,44,244,15,31,0,198,3454,306,2393,748,1407,767,1044,1584,686,1086,40,5,0.32,550,0,0,0.0,0.0,Major,198,7,3289,305,208,51,48,412.0277858293076,411.7480964467005,135.3921568627451,2
16,0,10,6,2,2,7,2,15,15,5,0,12,5,3,3,1,304,17,179,69,97,108,91,131,68,79,10,4,0.6,36,0,0,0.0,0.0,Major,25,0,304,0,25,14,14,1502.1338888888888,1502.1338888888888,30.285714285714285,4
35,2,26,7,6,2,1,2,10,10,9,1,10,1,4,0,5,450,48,310,139,184,92,171,233,126,148,14,5,0.3,59,0,0,0.0,0.0,Major,17,0,209,44,21,11,10,3059.7014444444444,3368.735451388889,415.45454545454544,37
21,1,17,3,2,6,17,11,72,72,55,8,72,3,30,0,39,1711,151,1335,435,948,229,852,1027,378,801,10,4,0.17,161,0,0,0.0,0.0,Major,57,1,1351,188,69,36,29,1308.923737745098,1345.5460813492064,200.91666666666663,2
4,0,3,0,1,1,1,2,23,23,9,0,10,0,1,0,9,114,15,80,49,49,20,57,68,49,41,1,0,0.25,23,0,0,0.0,0.0,Major,2,1,114,0,2,2,2,6543.8575,6543.8575,27.0,20
7,0,6,1,2,18,75,39,169,166,94,1387,169,20,19,0,130,7216,445,6041,5011,974,740,622,932,382,637,22,5,0.12,310,0,0,0.0,0.0,Major,1134,26,4871,759,1744,225,199,77.91464684133358,73.16115818377955,69.91111111111111,1
3,0,2,1,1,2,0,0,1,6,6,0,6,6,0,0,0,52,6,12,9,0,34,6,9,9,0,1,0,2.83,1,0,0,0.0,0.0,Major,5,1,52,0,5,4,4,8627.35076388889,8627.35076388889,395.75,34
7,0,6,1,1,3,0,1,16,17,17,9,17,0,1,1,15,185,21,136,66,52,28,67,92,54,41,3,2,0.21,23,0,0,0.0,0.0,Major,22,2,185,0,22,5,5,1834.023452380952,1834.023452380952,324.8,34
12,0,11,2,3,2,19,8,27,27,8,6,27,0,2,0,25,423,38,333,126,190,56,183,258,116,174,15,3,0.17,72,0,0,0.0,0.0,Major,17,1,423,0,17,8,8,2426.3342534722224,2426.3342534722224,239.25,2
14,0,11,2,3,4,5,5,49,49,43,35,48,3,10,0,35,906,89,669,267,361,157,358,478,222,298,18,5,0.23,128,0,0,0.0,0.0,Major,43,2,906,0,43,17,17,1451.606164021164,1451.606164021164,252.23529411764707,5
32,1,21,10,4,1,2,3,12,12,8,2,10,0,8,0,2,503,38,304,148,179,161,168,222,130,143,12,5,0.53,44,0,0,0.0,0.0,Major,16,0,242,17,16,10,10,3849.1849629629633,3849.1849629629633,343.0,6
8,0,7,0,2,1,1,0,10,10,7,7,8,0,1,0,7,140,16,98,40,46,26,56,74,40,38,5,3,0.27,18,0,0,0.0,0.0,Major,3,0,140,0,3,1,1,166.23694444444445,166.23694444444445,34.0,34
10,1,9,0,1,2,2,0,6,6,4,0,6,1,2,0,3,117,19,77,45,34,22,55,63,40,33,1,0,0.29,6,0,0,0.0,0.0,Major,3,0,117,0,3,2,2,431.66027777777776,431.66027777777776,56.0,37
8,0,5,2,1,2,8,6,46,46,38,5,46,2,3,0,41,466,63,277,109,140,126,139,207,107,110,5,2,0.45,67,0,0,0.0,0.0,Major,9,0,466,0,9,7,7,3353.1956944444446,3353.1956944444446,508.2857142857143,28
7,1,6,0,2,1,0,1,5,5,5,1,5,0,3,0,2,80,12,50,29,21,18,32,40,28,17,3,1,0.36,8,0,0,0.0,0.0,Minor,3,0,80,0,3,3,3,3529.7369444444444,3529.7369444444444,12.666666666666666,2
6,1,4,0,1,1,0,1,4,4,4,1,4,0,2,0,2,70,15,34,24,12,21,25,30,23,10,1,0,0.62,4,0,0,0.0,0.0,Minor,3,0,70,0,3,3,3,8653.52875,8653.52875,44.0,2
8,0,7,1,2,1,1,1,22,22,20,3,21,1,1,0,19,253,33,187,90,71,35,77,113,59,61,11,2,0.19,37,0,0,0.0,0.0,Minor,4,0,253,0,4,3,3,15179.899907407407,15179.899907407407,28.0,2
11,2,9,0,2,1,0,1,5,5,5,1,5,0,3,0,2,108,23,64,35,30,21,41,54,36,27,4,3,0.33,11,0,0,0.0,0.0,Minor,6,0,108,0,6,5,5,3461.4115,3461.4115,137.6,2
29,2,25,2,4,2,0,7,4,4,4,0,4,0,2,0,2,179,18,134,63,80,30,86,102,51,65,9,3,0.22,14,0,0,0.0,0.0,Minor,3,0,179,0,3,3,3,8472.42111111111,8472.42111111111,124.66666666666669,2
7,1,6,0,1,1,0,2,4,4,4,0,4,0,2,0,2,71,13,40,27,15,18,28,33,26,12,1,0,0.45,4,0,0,0.0,0.0,Minor,4,0,71,0,4,4,4,2859.463611111112,2859.463611111112,100.5,2
13,1,12,0,3,3,0,3,39,39,39,0,39,4,17,2,16,642,97,520,200,321,25,278,364,176,253,36,3,0.05,113,0,0,0.0,0.0,Minor,17,0,642,0,17,12,12,2336.444774305556,2336.444774305556,31.916666666666668,1
7,2,6,0,1,1,0,1,5,5,5,1,5,0,3,0,2,86,19,46,28,19,22,31,38,27,16,3,1,0.48,7,0,0,0.0,0.0,Minor,6,0,86,0,6,5,5,3461.4115,3461.4115,137.6,2
19,1,14,4,3,1,0,5,10,10,10,11,10,0,3,0,7,280,32,180,61,112,69,113,140,62,87,7,3,0.38,26,0,0,0.0,0.0,Minor,2,0,280,0,2,2,2,21275.506388888887,21275.506388888887,96.0,2
6,1,5,0,1,1,0,1,5,5,5,1,5,0,3,0,2,82,16,45,29,19,21,32,39,28,16,3,1,0.47,7,0,0,0.0,0.0,Minor,6,0,82,0,6,5,5,3461.4115,3461.4115,137.6,2
27,2,18,9,2,2,0,2,3,3,3,0,3,0,0,0,3,112,11,53,29,26,52,32,39,28,16,4,2,0.98,6,0,0,0.0,0.0,Minor,2,0,112,0,2,2,2,21275.506388888887,21275.506388888887,96.0,2
6,0,6,0,1,1,0,1,5,5,5,1,5,0,2,0,3,76,13,45,27,18,18,29,37,26,15,2,1,0.4,6,0,0,0.0,0.0,Minor,2,0,76,0,2,2,2,4339.301111111111,4339.301111111111,3.5,2
9,2,7,0,2,1,0,1,5,5,5,1,5,0,3,0,2,93,21,51,30,23,21,34,43,29,20,4,2,0.41,10,0,0,0.0,0.0,Minor,6,0,93,0,6,5,5,3461.4115,3461.4115,137.6,2
13,2,11,0,3,1,0,1,6,6,6,1,6,0,4,0,2,133,25,87,50,48,21,59,71,48,40,6,2,0.24,16,0,0,0.0,0.0,Minor,8,0,133,0,8,7,7,2981.187936507936,2981.187936507936,106.42857142857144,2
10,2,8,0,2,1,0,1,5,5,5,1,5,0,3,0,2,104,20,63,38,30,21,44,53,37,26,3,1,0.33,9,0,0,0.0,0.0,Minor,10,0,104,0,10,9,9,4151.515771604938,4151.515771604938,91.0,2
8,1,7,0,2,1,0,1,6,6,6,3,6,0,2,0,4,97,16,63,35,30,18,39,51,34,22,4,2,0.29,9,0,0,0.0,0.0,Minor,3,0,97,0,3,3,3,2169.6505555555555,2169.6505555555555,12.666666666666666,2
11,3,8,0,2,1,0,1,5,5,5,1,5,0,3,0,2,103,25,57,33,28,21,40,48,32,24,4,1,0.37,10,0,0,0.0,0.0,Minor,8,0,103,0,8,7,7,4612.90626984127,4612.90626984127,102.42857142857144,2
9,2,7,0,2,1,0,1,6,6,6,1,6,0,4,0,2,107,25,61,36,29,21,40,50,35,25,4,2,0.34,14,0,0,0.0,0.0,Minor,6,0,107,0,6,5,5,3461.4115,3461.4115,137.6,2
